{"cameraMode":{"drawMode":0,"name":"Shaded","section":"Shading Mode"},"sceneLighting":true,"audioPlay":false,"sceneViewState":{"m_AlwaysRefresh":false,"showFog":true,"showSkybox":true,"showFlares":true,"showImageEffects":true,"showParticleSystems":true,"showVisualEffectGraphs":true,"m_FxEnabled":true},"in2DMode":false,"pivot":{"x":-0.7337394952774048,"y":0.7410318851470947,"z":-2.409470558166504},"rotation":{"x":0.036497119814157489,"y":-0.6369770169258118,"z":0.030214356258511545,"w":0.769424319267273},"size":4.875692367553711,"orthographic":false}